名称	描述	状态	启动类型	登录为
ActiveX Installer (AxInstSV)	为从 Internet 安装 ActiveX 控件提供用户帐户控制验证，并基于组策略设置启用对 ActiveX 控件安装的管理。此服务根据要求启动，是否禁用 ActiveX 控件的安装取决于默认浏览器设置。		手动	本地系统
Agent Activation Runtime_128812	Runtime for activating conversational agent applications		手动	本地系统
Apollo Service	Apollo is a self-hosted game stream host for Moonlight.		手动	本地系统
App Readiness	当用户初次登录到这台电脑和添加新应用时，使应用进入就绪可用的状态。		手动	本地系统
Apple Mobile Device Service	Provides the interface to Apple mobile devices.		手动	本地服务
Application Identity	确定并验证应用程序的标识。禁用此服务将阻止强制执行 AppLocker。		手动(触发器启动)	本地服务
Application Information	使用辅助管理权限便于交互式应用程序的运行。如果停止此服务，用户将无法使用辅助管理权限启动应用程序，而执行所需用户任务可能需要这些权限。	正在运行	手动(触发器启动)	本地系统
Application Layer Gateway Service	为 Internet 连接共享提供第三方协议插件的支持		手动	本地服务
Application Management	为通过组策略部署的软件处理安装、删除以及枚举请求。如果该服务被禁用，则用户将不能安装、删除或枚举通过组策略部署的软件。如果此服务被禁用，则直接依赖于它的所有服务都将无法启动。		手动	本地系统
AppX Deployment Service (AppXSVC)	为部署 Microsoft Store 应用程序提供基础结构支持。此服务根据需要启动，如果已禁用的 Microsoft Store 应用程序未部署到系统，此服务可能无法正常工作。	正在运行	自动(触发器启动)	本地系统
AssignedAccessManager 服务	AssignedAccessManager 服务支持 Windows 中的展台体验。		手动(触发器启动)	本地系统
Autodesk Desktop Licensing Service	Autodesk Desktop Licensing Service		手动	本地服务
AVCTP 服务	这是音频视频控制传输协议服务	正在运行	手动(触发器启动)	本地服务
Background Intelligent Transfer Service	使用空闲网络带宽在后台传送文件。如果该服务被禁用，则依赖于 BITS 的任何应用程序(如 Windows 更新或 MSN Explorer)将无法自动下载程序和其他信息。		手动	本地系统
Background Tasks Infrastructure Service	控制哪些后台任务可以在系统上运行的 Windows 基础结构服务。	正在运行	自动	本地系统
Base Filtering Engine	基本筛选引擎(BFE)是一种管理防火墙和 Internet 协议安全(IPsec)策略以及实施用户模式筛选的服务。停止或禁用 BFE 服务将大大降低系统的安全。还将造成 IPsec 管理和防火墙应用程序产生不可预知的行为。	正在运行	自动	本地服务
BitComet Disk Boost Service	This service enhances disk IO performance of BitComet.		手动	本地系统
BitLocker Drive Encryption Service	BDESVC 承载 BitLocker 驱动器加密服务。BitLocker 驱动器加密为操作系统提供安全启动保障，并为 OS、固定卷和可移动卷提供全卷加密功能。使用此服务，BitLocker 可以提示用户执行与已安装卷相关的各种操作，并自动解锁卷而无需用户交互。此外，它还会将恢复信息存储至 Active Directory (如果这种方法可用并且需要这样做)，并确保使用最新的恢复证书。停止或禁用该服务可以防止用户使用此功能。	正在运行	手动(触发器启动)	本地系统
Block Level Backup Engine Service	Windows 备份使用 WBENGINE 服务执行备份和恢复操作。如果用户停止了此服务，这可能会导致当前运行的备份或恢复操作失败。使用此计算机上的 Windows 备份禁用此服务可能会禁用备份和恢复操作。		手动	本地系统
BranchCache	此服务缓存来自本地子网上对等方的网络内容。		手动	网络服务
CaptureService_128812	为调用 Windows.Graphics.Capture API 的应用程序启用可选的屏幕捕获功能。	正在运行	手动	本地系统
Certificate Propagation	将用户证书和根证书从智能卡复制到当前用户的证书存储，检测智能卡何时插入到智能卡读卡器中，并在需要时安装智能卡即插即用微型驱动器。	正在运行	手动(触发器启动)	本地系统
Clash Verge Service	Clash Verge Service helps to launch clash core	正在运行	自动	本地系统
Client License Service (ClipSVC)	为Microsoft Store提供基础结构支持。此服务按需启动，如果使用Microsoft Store购买的已禁用应用程序将无法正常运行。	正在运行	手动(触发器启动)	本地系统
CNG Key Isolation	CNG 密钥隔离服务宿主在 LSA 进程中。如一般原则所要求，该服务为私钥和相关加密操作提供密钥进程隔离。该服务在与一般原则要求相一致的安全进程中存储和使用生存期长的密钥。	正在运行	手动(触发器启动)	本地系统
COM+ Event System	支持系统事件通知服务 (SENS)，此服务为订阅的组件对象模型 (COM) 组件提供自动分布事件功能。如果停止此服务，SENS 将关闭，而且不能提供登录和注销通知。如果禁用此服务，显式依赖此服务的其他服务都将无法启动。	正在运行	自动	本地服务
COM+ System Application	管理基于组件对象模型 (COM+) 的组件的配置和跟踪。如果停止该服务，则大多数基于 COM+ 的组件将不能正常工作。如果禁用该服务，则任何明确依赖它的服务都将无法启动。		手动	本地系统
Connected User Experiences and Telemetry	Connected User Experiences and Telemetry 服务所启用的功能支持应用程序中用户体验和连接的用户体验。此外，如果在“反馈和诊断”下启用诊断和使用情况隐私选项设置，则此服务可以根据事件来管理诊断和使用情况信息的收集和传输(用于改进 Windows 平台的体验和质量)。		禁用	本地系统
ConsentUX 用户服务_128812	允许系统请求用户同意允许应用访问敏感资源和信息，如设备的位置		手动	本地系统
Contact Data_128812	为联系人数据编制索引以进行快速联系人搜索。如果停止或禁用此服务，你的搜索结果中可能会缺少联系人。		手动	本地系统
Control Center Hotkey Service		正在运行	自动	本地系统
CoreMessaging	Manages communication between system components.	正在运行	自动	本地服务
Credential Manager	为用户、应用程序和安全服务包提供凭据的安全存储和检索。	正在运行	手动	本地系统
CredentialEnrollmentManagerUserSvc_128812	凭据注册管理器		手动	本地系统
Cryptographic Services	提供三种管理服务: 编录数据库服务，用于确认 Windows 文件的签名和允许安装新程序；受保护的根服务，它从此计算机添加和删除受信任的根证书颁发机构的证书；自动根证书更新服务，用于从 Windows 更新中检索根证书和启用 SSL 等方案。如果此服务已停止，这些管理服务将无法正常运行。如果此服务已禁用，任何明确依赖它的服务将无法启动。	正在运行	自动(触发器启动)	网络服务
Data Sharing Service	提供应用程序之间的数据代理。		手动(触发器启动)	本地系统
DCOM Server Process Launcher	DCOMLAUNCH 服务可启动 COM 和 DCOM 服务器，以响应对象激活请求。如果此服务被停用或禁用，则使用 COM 或 DCOM 的程序将无法正常工作。强烈建议你运行 DCOMLAUNCH 服务。	正在运行	自动	本地系统
Delivery Optimization	执行内容传递优化任务		手动(触发器启动)	网络服务
Device Association Service	在系统与有线或无线设备之间启用匹配。	正在运行	自动(触发器启动)	本地系统
Device Install Service	使计算机在极少或没有用户输入的情况下能识别并适应硬件的更改。终止或禁用此服务会造成系统不稳定。		手动(触发器启动)	本地系统
Device Setup Manager	支持检测、下载和安装与设备相关的软件。如果此服务被禁用，则可能使用过期软件对设备进行配置，因此设备可能无法正常工作。		手动(触发器启动)	本地系统
DeviceAssociationBroker_128812	Enables apps to pair devices		手动	本地系统
DevicePicker_128812	此用户服务用于管理 Miracast、DLNA 和拨号用户界面		手动	本地系统
DevicesFlow_128812	允许 ConnectUX 和电脑设置连接 WLAN 显示器和蓝牙设备并与其配对。		手动	本地系统
DevQuery Background Discovery Broker	使应用能够发现具有后台任务的设备		手动(触发器启动)	本地系统
DHCP Client	为此计算机注册并更新 IP 地址。如果此服务停止，计算机将不能接收动态 IP 地址和 DNS 更新。如果此服务被禁用，所有明确依赖它的服务都将不能启动。	正在运行	自动	本地服务
Diagnostic Execution Service	Executes diagnostic actions for troubleshooting support		手动(触发器启动)	本地系统
Diagnostic Policy Service	诊断策略服务启用了 Windows 组件的问题检测、疑难解答和解决方案。如果该服务被停止，诊断将不再运行。	正在运行	自动	本地服务
Diagnostic Service Host	诊断服务主机被诊断策略服务用来承载需要在本地服务上下文中运行的诊断。如果停止该服务，则依赖于该服务的任何诊断将不再运行。		手动	本地服务
Diagnostic System Host	诊断系统主机被诊断策略服务用来承载需要在本地系统上下文中运行的诊断。如果停止该服务，则依赖于该服务的任何诊断将不再运行。	正在运行	手动	本地系统
DialogBlockingService	对话框阻止服务		禁用	本地系统
Distributed Link Tracking Client	维护某个计算机内或某个网络中的计算机的 NTFS 文件之间的链接。	正在运行	自动	本地系统
Distributed Transaction Coordinator	协调跨多个数据库、消息队列、文件系统等资源管理器的事务。如果停止此服务，这些事务将会失败。如果禁用此服务，显式依赖此服务的其他服务将无法启动。		手动	网络服务
DNS Client	DNS 客户端服务 (dnscache) 发送域名系统 (DNS) 查询、缓存查询结果，并在网络上注册计算机的全名。此服务不可停止。	正在运行	自动(触发器启动)	网络服务
Docker Desktop Service			手动	本地系统
Douyin Elevation Service (DouyinElevationService)			手动	本地系统
Downloaded Maps Manager	供应用程序访问已下载地图的 Windows 服务。此服务由访问已下载地图的应用程序按需启动。禁用此服务将阻止应用访问地图。		禁用	网络服务
Encrypting File System (EFS)	提供用于在 NTFS 文件系统卷上存储加密文件的核心文件加密技术。如果停止或禁用此服务，则应用程序将无法访问加密的文件。		手动(触发器启动)	本地系统
Enterprise App Management Service	启用企业应用程序管理。		手动	本地系统
Epic Games Updater	Runs the software update installation for Epic Games Launcher		手动	本地系统
Epic Online Services	Runs background processes for applications using Epic Games services		手动	本地系统
Extensible Authentication Protocol	可扩展的身份验证协议(EAP)服务在以下情况下提供网络身份验证: 802.1x 有线和无线、VPN 和网络访问保护(NAP)。EAP 在身份验证过程中也提供网络访问客户端使用的应用程序编程接口(API)，包括无线客户端和 VPN 客户端。如果禁用此服务，该计算机将无法访问需要 EAP 身份验证的网络。		手动	本地系统
File History Service	将用户文件复制到备份位置以防意外丢失		手动(触发器启动)	本地系统
FlexNet Licensing Service	This service performs licensing functions on behalf of FlexNet enabled products.	正在运行	自动	本地系统
FlexNet Licensing Service 64	This service performs licensing functions on behalf of FlexNet enabled products.	正在运行	自动	本地系统
Function Discovery Provider Host	FDPHOST 服务承载功能发现(FD)网络发现提供程序。这些 FD 提供程序为简单服务发现协议(SSDP)和 Web 服务发现(WS-D)协议提供网络发现服务。使用 FD 时停止或禁用 FDPHOST 服务将禁用这些协议的网络发现。当该服务不可用时，使用 FD 和依靠这些发现协议的网络服务将无法找到网络服务或资源。		手动	本地服务
Function Discovery Resource Publication	发布该计算机以及连接到该计算机的资源，以便能够在网络上发现这些资源。如果该服务被停止，将不再发布网络资源，网络上的其他计算机将无法发现这些资源。		手动(触发器启动)	本地服务
GameDVR 和广播用户服务_128812	此用户服务用于游戏录制和实况广播		手动	本地系统
GameInput Service	Enables keyboards, mice, gamepads, and other input devices to be used with the GameInput API.		手动(触发器启动)	本地系统
Geolocation Service	此服务将监视系统的当前位置并管理地理围栏(具有关联事件的地理位置)。如果你禁用此服务，应用程序将无法使用或接收有关地理位置或地理围栏的通知。		手动(触发器启动)	本地系统
GraphicsPerfSvc	Graphics performance monitor service		手动(触发器启动)	本地系统
Group Policy Client	此服务负责应用管理员通过组策略组件为计算机和用户配置的设置。如果禁用此服务，将不会应用这些设置，并且将无法通过组策略管理应用程序和组件。如果禁用此服务，依赖于组策略组件的所有组件或应用程序都将无法正常运行。	正在运行	自动(触发器启动)	本地系统
HotKey Clipboard Service		正在运行	自动	本地系统
Hotpatch Monitoring Service	Monitors Hotpatch ETW Trace providers and reports failures.		手动	本地系统
Human Interface Device Service	激活键盘、遥控器和其他多媒体设备上的热按钮并继续使用这些按钮。建议你让此服务一直运行。	正在运行	手动(触发器启动)	本地系统
Huorong Internet Security Daemon	Huorong Internet Security Daemon	正在运行	自动	本地系统
HV 主机服务	为 Hyper-V 虚拟机监控程序提供接口，以便为主机操作系统提供单分区性能计数器。	正在运行	手动(触发器启动)	本地系统
Hyper-V Data Exchange Service	提供一种机制，用于在虚拟机和运行在物理计算机上的操作系统之间交换数据。		手动(触发器启动)	本地系统
Hyper-V Guest Service Interface	为 Hyper-V 主机提供一个接口，以便与虚拟机内运行的特定服务进行交互。		手动(触发器启动)	本地系统
Hyper-V Guest Shutdown Service	提供一种机制，用于从物理计算机上的管理界面关闭此虚拟机的操作系统。		手动(触发器启动)	本地系统
Hyper-V Heartbeat Service	通过定期报告检测信号来监视此虚拟机的状态。此服务有助于你识别哪些运行的虚拟机已停止响应。		手动(触发器启动)	本地系统
Hyper-V PowerShell Direct Service	提供了一种在不使用虚拟网络的情况下，通过 VM 会话使用 PowerShell 管理虚拟机的机制。		手动(触发器启动)	本地系统
Hyper-V Time Synchronization Service	将此虚拟机的系统时间与物理计算机的系统时间同步。		手动(触发器启动)	本地服务
Hyper-V 卷影复制请求程序	协调使用卷影复制服务所需的通讯，以从物理计算机上的操作系统备份此虚拟机上的应用程序和数据。		手动(触发器启动)	本地系统
Hyper-V 远程桌面虚拟化服务	提供一个平台以在虚拟机和物理计算机上运行的操作系统之间进行通信。		手动(触发器启动)	本地系统
Hyper-V 主机计算服务	为运行的 Windows 容器和虚拟机提供支持。		手动(触发器启动)	本地系统
IKE and AuthIP IPsec Keying Modules	IKEEXT 服务托管 Internet 密钥交换(IKE)和身份验证 Internet 协议(AuthIP)键控模块。这些键控模块用于 Internet 协议安全(IPSec)中的身份验证和密钥交换。停止或禁用 IKEEXT 服务将禁用与对等计算机的 IKE/AuthIP 密钥交换。通常将 IPSec 配置为使用 IKE 或 AuthIP，因此停止或禁用 IKEEXT 服务将导致 IPSec 故障并且危及系统的安全。强烈建议运行 IKEEXT 服务。	正在运行	自动(触发器启动)	本地系统
Intel(R) Audio Service		正在运行	自动	本地系统
Intel(R) Content Protection HDCP Service	Intel(R) Content Protection HDCP Service - enables communication with Content Protection HDCP HW	正在运行	自动(触发器启动)	本地系统
Intel(R) Dynamic Application Loader Host Interface Service	Intel(R) Dynamic Application Loader Host Interface Service - Allows applications to access the local Intel (R) DAL	正在运行	自动	本地系统
Intel(R) Dynamic Tuning Technology Telemetry Service	Intel(R) Dynamic Tuning Technology Telemetry Service	正在运行	自动	本地服务
Intel(R) Graphics Command Center Service	Service for Intel(R) Graphics Command Center	正在运行	自动	本地系统
Intel(R) Innovation Platform Framework Service	Intel(R) Innovation Platform Framework Service	正在运行	自动	本地系统
Intel(R) Management Engine WMI Provider Registration	Intel(R) Management Engine WMI Provider Registration Service	正在运行	自动	本地系统
Intel(R) Platform License Manager Service	Version: 1.71.99.0		自动	本地系统
Intel(R) SUR QC Software Asset Manager	Intel(R) SUR QC Software Asset Manager helps you keep your system up-to-date.		自动	本地系统
Internet Connection Sharing (ICS)	为家庭和小型办公网络提供网络地址转换、寻址、名称解析和/或入侵保护服务。	正在运行	手动(触发器启动)	本地系统
IP Helper	使用 IPv6 转换技术(6to4、ISATAP、端口代理和 Teredo)和 IP-HTTPS 提供隧道连接。如果停止该服务，则计算机将不具备这些技术提供的增强连接优势。	正在运行	自动	本地系统
IP 转换配置服务	配置和启用从 v4 到 v6 的转换，反之亦然		手动(触发器启动)	本地系统
IPsec Policy Agent	Internet 协议安全(IPsec)支持网络级别的对等身份验证、数据原始身份验证、数据完整性、数据机密性(加密)以及重播保护。此服务强制执行通过 IP 安全策略管理单元或命令行工具 "netsh ipsec" 创建的 IPsec 策略。停止此服务时，如果策略需要连接使用 IPsec，可能会遇到网络连接问题。同样，此服务停止时，Windows Defender 防火墙的远程管理也不再可用。	正在运行	手动(触发器启动)	网络服务
Kerberos 本地密钥发行中心	此服务使用户能够使用 Kerberos 身份验证协议登录到本地计算机。如果停止此服务，用户将无法登录到本地计算机。如果禁用此服务，任何明确依赖它的服务都将无法启动。		手动	本地系统
KtmRm for Distributed Transaction Coordinator	协调分布式事务处理协调器(MSDTC)和内核事务管理器(KTM)之间的事务。如果不需要，建议保持该服务的停止状态。如果需要，MSDTC 和 KTM 将自动启动该服务。如果此服务已禁用，任何与内核资源管理器交互的 MSDTC 事务将失败，并且任何显式依赖它的服务将无法启动。		手动(触发器启动)	网络服务
Link-Layer Topology Discovery Mapper	创建网络映射，它由电脑和设备拓扑(连接)信息以及说明每个电脑和设备的元数据组成。如果禁用此服务，则网络映射将不能正常工作。		手动	本地服务
ListaryServiceV2		正在运行	自动	本地系统
Local Session Manager	管理本地用户会话的核心 Windows 服务。停止或禁用此服务将导致系统不稳定。	正在运行	自动	本地系统
Logitech LampArray Service	Provides HID LampArray Lighting support to Logitech devices	正在运行	自动	本地系统
McpManagementService	通用打印管理服务		手动	本地系统
MessagingService_128812	支持短信及相关功能的服务。		手动(触发器启动)	本地系统
MGTV Update Service			手动	本地系统
Microsoft Account Sign-in Assistant	支持用户通过 Microsoft 帐户标识服务登录。如果此服务已停止，用户将无法使用其 Microsoft 帐户登录到此计算机。	正在运行	手动(触发器启动)	本地系统
Microsoft App-V Client	Manages App-V users and virtual applications		禁用	本地系统
Microsoft Edge Update Service (edgeupdate)	使你的 Microsoft 软件保持最新状态。如果此服务已禁用或停止，则 Microsoft 软件将无法保持最新状态，这意味着无法修复可能产生的安全漏洞，并且功能也可能无法使用。如果没有 Microsoft 软件使用此服务，则此服务将自行卸载。		禁用	本地系统
Microsoft Edge Update Service (edgeupdatem)	使你的 Microsoft 软件保持最新状态。如果此服务已禁用或停止，则 Microsoft 软件将无法保持最新状态，这意味着无法修复可能产生的安全漏洞，并且功能也可能无法使用。如果没有 Microsoft 软件使用此服务，则此服务将自行卸载。		禁用	本地系统
Microsoft Edge 更新 服务 (edgeupdate1db8fc699f9368b)	使你的 Microsoft 软件保持最新状态。如果此服务已禁用或停止，则 Microsoft 软件将无法保持最新状态，这意味着无法修复可能产生的安全漏洞，并且功能也可能无法使用。如果没有 Microsoft 软件使用此服务，则此服务将自行卸载。		禁用	本地系统
Microsoft Edge 更新 服务 (edgeupdate1dbf14fa58159f6)	使你的 Microsoft 软件保持最新状态。如果此服务已禁用或停止，则 Microsoft 软件将无法保持最新状态，这意味着无法修复可能产生的安全漏洞，并且功能也可能无法使用。如果没有 Microsoft 软件使用此服务，则此服务将自行卸载。		禁用	本地系统
Microsoft iSCSI Initiator Service	管理从这台计算机到远程 iSCSI 目标设备的 Internet SCSI (iSCSI)会话。如果该服务已停止，则该计算机将无法登录或访问 iSCSI 目标设备。如果该服务已禁用，则所有显式依赖于该服务的服务将不会启动。		手动	本地系统
Microsoft Office Click-to-Run Service	?管理Microsoft 365和 Office 产品及其相关更新的资源协调、后台流式处理和系统集成。在初始流式处理安装和所有后续更新期间，需要在使用任何Microsoft 365和 Office 程序期间运行此服务。?	正在运行	自动	本地系统
Microsoft Passport	为用于对用户关联的标识提供者进行身份验证的加密密钥提供进程隔离。如果禁用了此服务，则这些密钥的所有使用和管理将无法进行，其中包括应用和网站的计算机登录和单一登录。此服务自动启动和停止。建议你不要重新配置此服务。		手动(触发器启动)	本地系统
Microsoft Passport Container	管理用于针对标识提供者及 TPM 虚拟智能卡为用户进行身份验证的本地用户标识密钥。如果禁用了此服务，则将无法访问本地用户标识密钥和 TPM 虚拟智能卡。建议你不要重新配置此服务。	正在运行	手动(触发器启动)	本地服务
Microsoft Software Shadow Copy Provider	管理卷影复制服务制作的基于软件的卷影副本。如果该服务被停止，将无法管理基于软件的卷影副本。如果该服务被禁用，任何依赖它的服务将无法启动。		手动	本地系统
Microsoft Storage Spaces SMP	Microsoft 存储空间管理提供程序的主机服务。如果阻止或禁用这项服务，则无法管理存储空间。		手动	网络服务
Microsoft Store 安装服务	为 Microsoft Store 提供基础结构支持。此服务按需启动，如被禁用，则安装将无法正常运行。		禁用	本地系统
Microsoft Windows SMS 路由器服务。	根据规则将消息路由到相应客户端。		手动(触发器启动)	本地服务
Microsoft 键盘筛选器	控制击键筛选和映射		禁用	本地系统
Microsoft 使用情况和质量见解	生成与使用情况和体验质量相关的摘要事实和见解的Microsoft服务。事实用于自动执行设备上的自愈和其他可选工作流，如个性化产品/服务。		手动(触发器启动)	本地服务
Microsoft 云标识服务	支持与 Microsoft 云标识服务的集成。 如果禁用，租户限制将不会正确实施。		手动	网络服务
MS-MPI Launch Service	Service for launching MS-MPI applications	正在运行	自动	本地系统
MySQL90			手动	网络服务
Net.Tcp Port Sharing Service	提供通过 net.tcp 协议共享 TCP 端口的功能。		禁用	本地服务
Netlogon	为用户和服务身份验证维护此计算机和域控制器之间的安全通道。如果此服务被停用，计算机可能无法验证用户和服务身份并且域控制器无法注册 DNS 记录。如果此服务被禁用，任何依赖它的服务将无法启动。		手动	本地系统
Network Connected Devices Auto-Setup	网络连接设备自动安装服务会监视和安装连接到合格网络的合格设备。停止或禁用此服务将阻止 Windows 自动发现和安装合格的网络连接设备。用户仍然可以通过用户界面将网络连接设备手动添加到电脑。		手动(触发器启动)	本地服务
Network Connection Broker	允许打包的Microsoft Store应用从 Internet 接收通知的中转站连接。	正在运行	手动(触发器启动)	本地系统
Network Connections	管理“网络和拨号连接”文件夹中对象，在其中你可以查看局域网和远程连接。		手动	本地系统
Network Connectivity Assistant	提供 UI 组件的 DirectAccess 状态通知		手动(触发器启动)	本地系统
Network List Service	识别计算机已连接的网络，收集和存储这些网络的属性，并在更改这些属性时通知应用程序。	正在运行	手动	网络服务
Network Setup Service	网络安装服务用于管理网络驱动程序的安装，并允许配置低级别网络设置。如果停止此服务，可能会取消正在进行的所有驱动程序安装。		手动(触发器启动)	本地系统
Network Store Interface Service	此服务向用户模式客户端发送网络通知(例如，添加/删除接口等)。停止此服务将导致丢失网络连接。如果禁用此服务，则显式依赖此服务的所有其他服务都将无法启动。	正在运行	自动	本地服务
NVIDIA Display Container LS	Container service for NVIDIA root features		手动	本地系统
NVIDIA FrameView SDK service	NVIDIA FrameView SDK service		手动(触发器启动)	本地系统
Offline Files	脱机文件服务在脱机文件缓存中执行维护活动，响应用户登录和注销事件，实现公共 API 的内部部分，并将相关的事件分配给关心脱机文件活动和缓存更改的用户。		手动(触发器启动)	本地系统
OpenSSH Authentication Agent	Agent to hold private keys used for public key authentication.	正在运行	自动	本地系统
Optimize drives	通过优化存储驱动器上的文件来帮助计算机更高效地运行。		手动	本地系统
P9RdrService_128812	启用触发启动计划 9 文件服务器。		手动(触发器启动)	本地系统
PenService_128812	手写笔服务		手动(触发器启动)	本地系统
Performance Counter DLL Host	使远程用户和 64 位进程能够查询 32 位 DLL 提供的性能计数器。如果停止此服务，则只有本地用户和 32 位进程能够查询 32 位 DLL 提供的性能计数器。		手动	本地服务
Performance Logs & Alerts	性能日志和警报根据预配置的计划参数从本地或远程计算机收集性能数据，然后将该数据写入日志或触发警报。如果停止此服务，将不收集性能信息。如果禁用此服务，则明确依赖它的所有服务将无法启动。		手动	本地服务
Phone Service	在设备上管理电话服务状态		禁用	本地服务
Plug and Play	使计算机在极少或没有用户输入的情况下能识别并适应硬件的更改。终止或禁用此服务会造成系统不稳定。	正在运行	手动	本地系统
Portable Device Enumerator Service	强制可移动大容量存储设备的组策略。使应用程序(如 Windows 媒体播放器和图像导入向导)能够使用可移动大容量存储设备传输和同步内容。		手动(触发器启动)	本地系统
Power	管理电源策略和电源策略通知传递。	正在运行	自动	本地系统
Print Spooler	该服务在后台执行打印作业并处理与打印机的交互。如果关闭该服务，则无法进行打印或查看打印机。	正在运行	自动	本地系统
Printer Extensions and Notifications	此服务可打开自定义打印机对话框并处理来自远程打印服务器或打印机的通知。如果你关闭此服务，将无法看到打印机扩展或通知。		手动	本地系统
PrintScanBrokerService	为低原始后台处理程序所需的安全特权操作提供支持。		手动	本地系统
PrintWorkflow_128812	提供对打印工作流应用程序的支持。如果关闭此服务，可能无法成功打印。		手动(触发器启动)	本地系统
Problem Reports Control Panel Support	此服务支持查看、发送和删除“问题报告”控制面板的系统级问题报告。		手动	本地系统
Program Compatibility Assistant Service	此服务为程序兼容性助手(PCA)提供支持。PCA 监视由用户安装和运行的程序，并检测已知兼容性问题。如果停止此服务，PCA 将无法正常运行。	正在运行	自动(延迟启动，触发器启动)	本地系统
Quality Windows Audio Video Experience	优质 Windows 音频视频体验(qWave)是用于 IP 家庭网络上的音频视频(AV)流应用程序的网络平台。通过确保 AV 应用程序的网络服务质量(QoS)，qWave 增强了 AV 流的性能和可靠性。它提供了许可控制机制、运行时监视和实施、应用程序反馈以及流量优先顺序。		手动	本地服务
RaiDrive Filesystem Service	OpenBoxLab Filesystem Bridge Service		禁用	本地系统
RayLink Service	RayLink Service	正在运行	自动	本地系统
Realtek Audio Universal Service	Realtek Audio Universal Service	正在运行	自动	本地系统
ReFS 重复数据删除服务	ReFS 重复数据删除和压缩服务，用于跟踪文件更改并运行计划的优化作业。		手动	本地系统
Remote Access Auto Connection Manager	无论什么时候，当某个程序引用一个远程 DNS 或者 NetBIOS 名称或者地址，就创建一个到远程的连接。		手动	本地系统
Remote Access Connection Manager	管理从这台计算机到 Internet 或其他远程网络的拨号和虚拟专用网络(VPN)连接。如果禁用该项服务，则明确依赖该服务的任何服务都将无法启动。	正在运行	自动	本地系统
Remote Desktop Configuration	远程桌面配置服务(RDCS)负责需要 SYSTEM 上下文的所有远程桌面服务和远程桌面相关的配置和会话维护活动。这些包括每会话临时文件夹、RD 主题和 RD 证书。	正在运行	手动	本地系统
Remote Desktop Services	允许用户以交互方式连接到远程计算机。远程桌面和远程桌面会话主机服务器依赖此服务。若要防止远程使用此计算机，请清除“系统”属性控制面板项目的“远程”选项卡上的复选框。	正在运行	手动	网络服务
Remote Desktop Services UserMode Port Redirector	允许为 RDP 连接重定向打印机/驱动程序/端口	正在运行	手动	本地系统
Remote Procedure Call (RPC)	RPCSS 服务是 COM 和 DCOM 服务器的服务控制管理器。它执行 COM 和 DCOM 服务器的对象激活请求、对象导出程序解析和分布式垃圾回收。如果此服务被停用或禁用，则使用 COM 或 DCOM 的程序将无法正常工作。强烈建议你运行 RPCSS 服务。	正在运行	自动	网络服务
Remote Procedure Call (RPC) Locator	在 Windows 2003 和 Windows 的早期版本中，远程过程调用(RPC)定位器服务可管理 RPC 名称服务数据库。在 Windows Vista 和 Windows 的更新版本中，此服务不提供任何功能，但可用于应用程序兼容性。		手动	网络服务
Remote Registry	使远程用户能修改此计算机上的注册表设置。如果此服务被终止，只有此计算机上的用户才能修改注册表。如果此服务被禁用，任何依赖它的服务将无法启动。		禁用	本地服务
Routing and Remote Access	在局域网以及广域网环境中为企业提供路由服务。		禁用	本地系统
RPC Endpoint Mapper	解析 RPC 接口标识符以传输端点。如果此服务被停止或禁用，使用远程过程调用(RPC)服务的程序将无法正常运行。	正在运行	自动	网络服务
Secondary Logon	在不同凭据下启用启动过程。如果此服务被停止，这种类型的登录访问将不可用。如果此服务被禁用，任何明确依赖它的服务都将不能启动。		手动	本地系统
Secure Socket Tunneling Protocol Service	提供使用 VPN 连接到远程计算机的安全套接字隧道协议(SSTP)的支持。如果该服务被禁用，则用户将无法使用 SSTP 访问远程服务器。	正在运行	手动	本地服务
Security Accounts Manager	启动此服务将向其他服务发出信号: 安全帐户管理器(SAM)已准备就绪，可以接受请求。禁用此服务将导致在 SAM 准备就绪时，无法通知系统中的其他服务，从而可能导致这些服务无法正确启动。不应禁用此服务。	正在运行	自动	本地系统
Sensor Data Service	从各种传感器传送数据		手动(触发器启动)	本地系统
Sensor Monitoring Service	监视各种传感器，以公开数据和适应系统和用户状态。如果此服务停止或禁用，显示器亮度将不根据照明条件进行调节。停止此服务还可能会影响其他系统功能和特性。		手动(触发器启动)	本地服务
Sensor Service	一项用于管理各种传感器的功能的传感器服务。管理传感器的简单设备方向(SDO)和历史记录。加载对设备方向变化进行报告的 SDO 传感器。如果停止或禁用了此服务，则将不会加载 SDO 传感器，因此不会发生自动旋转。来自传感器的历史记录收集也将停止。		手动(触发器启动)	本地系统
Server	支持此计算机通过网络的文件、打印、和命名管道共享。如果服务停止，这些功能不可用。如果服务被禁用，任何直接依赖于此服务的服务将无法启动。	正在运行	自动(触发器启动)	本地系统
Shared PC Account Manager	Manages profiles and accounts on a SharedPC configured device		禁用	本地系统
Shell Hardware Detection	为自动播放硬件事件提供通知。	正在运行	自动	本地系统
Smart Card	管理此计算机对智能卡的取读访问。如果此服务被终止，此计算机将无法取读智能卡。如果此服务被禁用，任何依赖它的服务将无法启动。		手动(触发器启动)	本地服务
Smart Card Device Enumeration Service	为给定会话可访问的所有智能卡读卡器创建软件设备节点。如果已禁用此服务，则 WinRT API 将无法枚举智能卡读卡器。		手动(触发器启动)	本地系统
Smart Card Removal Policy	允许系统配置为移除智能卡时锁定用户桌面		手动	本地系统
SNMP 陷阱	接收本地或远程简单网络管理协议 (SNMP) 代理程序生成的陷阱消息并将消息转发到此计算机上运行的 SNMP 管理程序。如果此服务被停用，此计算机上基于 SNMP 的程序将不会接收 SNMP trap 消息。如果此服务被禁用，任何依赖它的服务将无法启动。		手动	本地服务
Software Protection	启用 Windows 和 Windows 应用程序的数字许可证的下载、安装和实施。如果禁用该服务，操作系统和许可的应用程序可能以通知模式运行。强烈建议你不要禁用软件保护服务。		自动(延迟启动，触发器启动)	网络服务
Spot Verifier	验证潜在的文件系统损坏。		手动(触发器启动)	本地系统
SQL Server VSS Writer	Provides the interface to backup/restore Microsoft SQL server through the Windows VSS infrastructure.		手动	本地系统
SSDP Discovery	当发现了使用 SSDP 协议的网络设备和服务，如 UPnP 设备，同时还报告了运行在本地计算机上使用的 SSDP 设备和服务。如果停止此服务，基于 SSDP 的设备将不会被发现。如果禁用此服务，任何依赖此服务的服务都无法正常启动。	正在运行	手动	本地服务
State Repository Service	为应用程序模型提供所需的基础结构支持。	正在运行	自动	本地系统
Steam Client Service	Steam Client Service monitors and updates Steam content		手动	本地系统
Still Image Acquisition Events	启动与静态映像获取事件关联的应用程序。		手动	本地系统
Storage Service	为存储设置和外部存储扩展提供启用服务	正在运行	自动(延迟启动，触发器启动)	本地系统
Storage Tiers Management	优化系统中所有分层存储空间的存储层中的数据放置。		手动	本地系统
SysMain	维护和提高一段时间内的系统性能。	正在运行	自动	本地系统
System Event Notification Service	监视系统事件并通知订户这些事件的 COM+ 事件系统。	正在运行	自动	本地系统
System Events Broker	协调执行 WinRT 应用程序的后台作业。如果停止或禁用此服务，则可能不会触发后台作业。	正在运行	自动(触发器启动)	本地系统
Tailscale	Connects this computer to others on the Tailscale network.		禁用	本地系统
Task Scheduler	使用户可以在此计算机上配置和计划自动任务。此服务还托管多个 Windows 系统关键任务。如果此服务被停止或禁用，这些任务将无法在计划的时间运行。如果此服务被禁用，则明确依赖它的所有服务将无法启动。	正在运行	自动(触发器启动)	本地系统
TCP/IP NetBIOS Helper	提供 TCP/IP (NetBT) 服务上的 NetBIOS 和网络上客户端的 NetBIOS 名称解析的支持，从而使用户能够共享文件、打印和登录到网络。如果此服务被停用，这些功能可能不可用。如果此服务被禁用，任何依赖它的服务将无法启动。	正在运行	手动(触发器启动)	本地服务
Telephony	提供电话服务 API (TAPI)支持，以便各程序控制本地计算机上的电话服务设备以及通过 LAN 同样运行该服务的服务器上的设备。		手动	网络服务
Text Input Management Service	启用文本输入、表情输入区、触摸键盘、手写和输入法。	正在运行	自动(触发器启动)	本地系统
Themes	为用户提供使用主题管理的体验。	正在运行	自动	本地系统
Thunderbolt(TM) Application Launcher	Launches Thunderbolt(TM) control application	正在运行	自动	本地系统
Thunderbolt(TM) Peer to Peer Shortcut	Thunderbolt(TM) Peer to Peer Shortcut	正在运行	自动	本地系统
Time Broker	协调执行 WinRT 应用程序的后台作业。如果停止或禁用此服务，则可能不会触发后台作业。	正在运行	手动(触发器启动)	本地服务
Udk 用户服务_128812	Shell 组件服务	正在运行	手动	本地系统
UPnP Device Host	允许 UPnP 设备宿主在此计算机上。如果停止此服务，则所有宿主的 UPnP 设备都将停止工作，并且不能添加其他宿主设备。如果禁用此服务，则任何显式依赖于它的服务将都无法启动。		手动	本地服务
User Data Access_128812	提供对结构化用户数据(包括联系人信息、日历、消息和其他内容)的应用访问。如果停止或禁用此服务，使用此数据的应用可能无法正常工作。		手动	本地系统
User Data Storage_128812	处理结构化用户数据(包括联系人信息、日历、消息和其他内容)的存储。如果停止或禁用此服务，使用此数据的应用可能无法正常工作。		手动	本地系统
User Experience Virtualization Service	为应用程序和 OS 设置漫游提供支持		禁用	本地系统
User Manager	用户管理器提供多用户交互所需要的运行时组件。如果停止此服务，某些应用程序可能无法正确运行。	正在运行	自动(触发器启动)	本地系统
User Profile Service	此服务负责加载和卸载用户配置文件。如果已停止或禁用此服务，用户将无法再成功登录或注销，应用在获取用户数据时可能会出问题，而且为接收配置文件事件通知注册的组件将无法接收这些通知。	正在运行	自动	本地系统
Virtual Disk	提供用于磁盘、卷、文件系统和存储阵列的管理服务。		手动	本地系统
Visual Studio Installer Elevation Service	This service is responsible for elevating the Visual Studio Installer.		手动	本地系统
VMware Authorization Service	用于启动和访问虚拟机的授权及身份验证服务。		手动	本地系统
VMware DHCP Service	DHCP service for virtual networks.
VMware NAT Service	Network address translation for virtual networks.
VMware USB Arbitration Service	Arbitration and enumeration of USB devices for virtual machines		手动	本地系统
VMware 自动启动服务	启动时自动打开配置文件中指定的虚拟机电源的服务。		手动	本地系统
Volume Shadow Copy	管理并执行用于备份和其它用途的卷影复制。如果此服务被终止，备份将没有卷影复制，并且备份会失败。如果此服务被禁用，任何依赖它的服务将无法启动。		手动	本地系统
WaaSMedicSvc	<读取描述失败。错误代码: 2 > 	正在运行	手动	本地系统
WalletService	电子钱包客户端使用的主机对象		手动	本地系统
Warp JIT Service	Enables JIT compilation support in d3d10warp.dll for processes in which code generation is disabled.		手动(触发器启动)	本地服务
WdNisSvc	<读取描述失败。错误代码: 2 > 		手动	本地服务
Web 帐户管理器	Web 帐户管理器利用此服务实现应用和服务的单一登录。	正在运行	手动	本地系统
WebClient	使基于 Windows 的程序能创建、访问和修改基于 Internet 的文件。如果此服务被停止，这些功能将不可用。如果此服务被禁用，则明确依赖该服务的任何服务都将无法启动。		手动(触发器启动)	本地服务
Windows Audio	管理基于 Windows 的程序的音频。如果此服务被停止，音频设备和效果将不能正常工作。如果此服务被禁用，任何依赖它的服务将无法启动	正在运行	自动	本地服务
Windows Audio Endpoint Builder	管理 Windows 音频服务的音频设备。如果停止了此服务，音频设备和效果将无法正常工作。如果禁用了此服务，任何明确依赖它的服务将无法启动	正在运行	自动	本地系统
Windows Biometric Service	Windows 生物识别服务使客户端应用程序能够捕获、比较、操纵和存储生物特征数据，而无需直接访问任何生物识别硬件或示例。该服务宿主在某个特权 SVCHOST 进程中。		手动(触发器启动)	本地系统
Windows Camera Frame Server	允许多个客户端从相机设备访问视频帧。		手动(触发器启动)	本地服务
Windows Camera Frame Server Monitor	监视 Windows 相机框架服务器服务的运行状况和状态。		手动(触发器启动)	本地系统
Windows Connect Now - Config Registrar	WCNCSVC 承载 Windows 立即连接配置，该配置是 Microsoft 执行的无线保护设置(WPS)协议。该配置用于配置接入点(AP)或无线设备的无线 LAN 设置。该服务根据需要有计划地启动。		手动	本地服务
Windows Connection Manager	根据电脑当前可用的网络连接选项做出自动连接和断开连接决策，并根据“组策略”设置启用网络连接管理。	正在运行	自动(触发器启动)	本地服务
Windows Defender Advanced Threat Protection Service	Windows Defender Advanced Threat Protection service helps protect against advanced threats by monitoring and reporting security events that happen on the computer.		禁用	本地系统
Windows Defender Firewall	Windows Defender 防火墙通过阻止未授权用户通过 Internet 或网络访问你的计算机来帮助保护计算机。	正在运行	自动	本地服务
Windows Encryption Provider Host Service	Windows Encryption Provider 主机服务代理加密相关功能 - 从第三方加密提供程序到需要评估和应用 EAS 策略的进程。停止此服务将损害连接的邮件帐户已经建立的合规检查		手动(触发器启动)	本地服务
Windows Error Reporting Service	允许在程序停止运行或停止响应时报告错误，并允许提供现有解决方案。还允许为诊断和修复服务生成日志。如果此服务被停止，则错误报告将无法正确运行，而且可能不显示诊断服务和修复的结果。		手动(触发器启动)	本地系统
Windows Event Collector	此服务将管理对支持 WS-Management 协议的远程源中事件的永久订阅。这包括 Windows Vista 事件日志、硬件以及启用 IPMI 的事件源。该服务将转发的事件存储在本地活动日志中。如果停止或禁用此服务，将无法创建事件订阅，并且无法接受转发的事件。		手动	网络服务
Windows Event Log	此服务管理事件和事件日志。它支持日志记录事件、查询事件、订阅事件、归档事件日志以及管理事件元数据。它可以用 XML 和纯文本两种格式显示事件。停止该服务可能危及系统的安全性和可靠性。	正在运行	自动	本地服务
Windows Font Cache Service	通过缓存常用字体数据优化应用程序的性能。如果尚未运行该服务，则应用程序将启动该服务。也可以禁用该服务，但是这样做会降低应用程序性能。	正在运行	自动	本地服务
Windows Image Acquisition (WIA)	为扫描仪和照相机提供图像采集服务	正在运行	自动(触发器启动)	本地服务
Windows Installer	添加、修改和删除作为 Windows Installer 程序包(*.msi、*.msp)提供的应用程序。如果禁用此服务，则任何显式依赖它的服务均将无法启动。		手动	本地系统
Windows Management Instrumentation	提供共同的界面和对象模式以便访问有关操作系统、设备、应用程序和服务的管理信息。如果此服务被终止，多数基于 Windows 的软件将无法正常运行。如果此服务被禁用，任何依赖它的服务将无法启动。	正在运行	自动	本地系统
Windows Media Player Network Sharing Service	使用通用即插即用设备与其他网络播放器和媒体设备共享 Windows 媒体播放器媒体库		手动	网络服务
Windows MIDI 服务	用于 MIDI 1.0 和 MIDI 2.0 消息路由和设备枚举的 Windows MIDI 服务核心服务		手动(触发器启动)	本地服务
Windows Modules Installer	启用 Windows 更新和可选组件的安装、修改和移除。如果此服务被禁用，则此计算机的 Windows 更新的安装或卸载可能会失败。		手动	本地系统
Windows Presentation Foundation Font Cache 3.0.0.0	通过缓存常用的字体数据来优化 Windows Presentation Foundation (WPF) 应用程序的性能。WPF 应用程序将启动此服务(如果尚未启动)。可以禁用此服务，尽管这样做会降低 WPF 应用程序的性能。		手动	本地服务
Windows Push Notifications User Service_128812	此服务托管为本地通知和推送通知提供支持的 Windows 通知平台。支持的通知为磁贴、Toast 和 Raw。	正在运行	自动	本地系统
Windows PushToInstall 服务	为 Microsoft Store 提供基础结构支持。此服务自动启动，如果禁用，则远程安装将无法正常运行。		手动(触发器启动)	本地系统
Windows Remote Management (WS-Management)	Windows 远程管理(WinRM)服务执行 WS-Management 协议来实现远程管理。WS-Management 是用于远程软件和硬件管理的标准 Web 服务协议。WinRM 服务侦听网络上的 WS-Management 请求并对它们进行处理。通过组策略或使用 winrm.cmd 命令行工具的侦听程序，来配置 WinRM 服务，以使其可通过网络侦听。WinRM 服务提供对 WMI 数据的访问并启用事件集合。事件集合及对事件的订阅需要服务处于运行状态。传输 WinRM 消息时使用 HTTP 和 HTTPS 协议。WinRM 服务不依赖于 IIS ，但在同一计算机上预配置为与 IIS 共享端口。WinRM 服务保留 /wsman URL 前缀。若要防止与 IIS 发生冲突，管理员应确保 IIS 上承载的所有网站均不使用 /wsman URL 前缀。	正在运行	自动(延迟启动)	网络服务
Windows Search	为文件、电子邮件和其他内容提供内容索引、属性缓存和搜索结果。	正在运行	自动(延迟启动)	本地系统
Windows Time	维护在网络上的所有客户端和服务器的时间和日期同步。如果此服务被停止，时间和日期的同步将不可用。如果此服务被禁用，任何明确依赖它的服务都将不能启动。		手动(触发器启动)	本地服务
Windows 备份	提供 Windows 备份和还原功能。		手动	本地系统
Windows 感知模拟服务	实现空间感知模拟、虚拟相机管理和空间输入模拟。		手动	本地系统
Windows 更新	启用检测、下载和安装 Windows 和其他程序的更新。如果此服务被禁用，这台计算机的用户将无法使用 Windows 更新或其自动更新功能， 并且这些程序将无法使用 Windows 更新代理(WUA) API。	正在运行	手动(触发器启动)	本地系统
Windows 管理服务	执行包括预配和注册活动的管理操作		手动	本地系统
Windows 健康状况和优化体验	监视设备以获得更好的用户体验		禁用	本地系统
Windows 推送通知系统服务	此服务在会话 0 中运行，并托管通知平台和连接提供程序(用于处理设备与 WNS 服务器之间的连接)。	正在运行	自动	本地系统
Windows 虚拟音频设备代理服务	管理基于 Windows 的程序的虚拟音频设备。 如果停止此服务，虚拟音频设备将无法正常工作。 如果禁用此服务，任何明确依赖它的服务将无法启动		手动(触发器启动)	本地服务
Windows 许可证管理器服务	为 Microsoft Store 提供基础结构支持。此服务按需启动，如果禁用此服务，则通过 Microsoft Store 获得的内容将无法正常运行。	正在运行	手动(触发器启动)	本地服务
Windows 移动热点服务	提供与其他设备共享手机网络数据连接的功能。		手动(触发器启动)	本地服务
Windows 预览体验成员服务	为 Windows 预览体验计划提供基础结构支持。此服务必须保持启用状态，Windows 预览体验计划才能正常运行。		手动(触发器启动)	本地系统
WinHTTP Web Proxy Auto-Discovery Service	WinHTTP 实现了客户端 HTTP 堆栈并向开发人员提供 Win32 API 和 COM 自动化组件以供发送 HTTP 请求和接收响应。此外，通过执行 Web 代理自动发现(WPAD)协议，WinHTTP 还提供对自动发现代理服务器配置的支持。	正在运行	手动	本地服务
Wired AutoConfig	有线自动配置(DOT3SVC)服务负责对以太网接口执行 IEEE 802.1X 身份验证。如果当前有线网络部署强制执行 802.1X 身份验证，则应配置 DOT3SVC 服务运行以用于建立第 2 层连接性和/或用于提供对网络资源的访问权限。DOT3SVC 服务会影响到强制执行 802.1X 身份验证的有线网络。		手动	本地系统
WLAN AutoConfig	WLANSVC 服务提供配置、发现、连接、断开与 IEEE 802.11 标准定义的无线局域网(WLAN)的连接所需的逻辑。它还包含将计算机变成软件访问点的逻辑，以便其他设备或计算机可以使用支持它的 WLAN 适配器无线连接到计算机。停止或禁用 WLANSVC 服务将使得计算机上的所有 WLAN 适配器无法访问 Windows 网络连接 UI。强烈建议: 如果你的计算机具有 WLAN 适配器，则运行 WLANSVC 服务。	正在运行	自动	本地系统
WLAN Direct 服务连接管理器服务	管理与无线服务(包括无线显示和插接)的连接。		手动(触发器启动)	本地服务
WMI Performance Adapter	向网络上的客户端提供 Windows Management Instrumentation (WMI) 提供程序中的性能库信息。只有在激活了性能数据助手时，才会运行此服务。		手动	本地系统
Work Folders	此服务将与工作文件夹服务器同步文件，从而使你能够使用已设置工作文件夹的任何电脑和设备上的文件。		手动	本地服务
Workstation	使用 SMB 协议创建并维护客户端网络与远程服务器之间的连接。如果此服务已停止，这些连接将无法使用。如果此服务已禁用，任何明确依赖它的服务将无法启动。	正在运行	自动	网络服务
WPS Office Cloud Service	用于提供WPS Office云服务：包括云文档、文档安全、会员服务等多种云资源，为用户提供完整及安全的产品体验，及时更新产品功能及修复问题。如果停止此服务，则WPS Office无法提供云服务，和及时修复安全漏洞。		手动	本地系统
WSAIFabricSvc	支持通过 COM 在本地服务上下文中与 AIFabric 通信。	正在运行	自动	本地服务
WSL Service	WSL Service	正在运行	自动	本地系统
WWAN AutoConfig	该服务管理移动宽带(GSM 和 CDMA)数据卡/嵌入式模块适配器和自动配置网络的连接。强烈建议: 保持运行此服务，以便获取移动宽带设备的最佳用户体验。		手动	本地系统
Xbox Accessory Management Service	This service manages connected Xbox Accessories.		手动(触发器启动)	本地系统
Xbox Live 身份验证管理器	提供用于与 Xbox Live 进行交互的身份验证和授权服务，如果此服务被停止，可能会造成某些应用程序无法正确操作。		手动	本地系统
Xbox Live 网络服务	此服务支持 Windows.Networking.XboxLive 应用程序编程接口。		手动	本地系统
Xbox Live 游戏保存	此服务为 Xbox Live 可保存游戏同步保存数据。如果此服务被停止，游戏保存数据将不会上传至 Xbox Live 或从 Xbox Live 下载。		手动(触发器启动)	本地系统
XTUOCDriverService	Intel(R) Overclocking Component Service		自动	本地系统
ZTDNS 帮助程序服务	ZTDNS 帮助程序服务		手动	本地系统
本地配置文件助手服务	此服务为订户标识模块提供配置文件管理		手动(触发器启动)	本地服务
打印设备配置服务	打印设备配置服务管理 IPP 和 UP 打印机的安装。如果停止此服务，则可能取消任何正在进行的打印机安装。		手动(触发器启动)	本地系统
抖音客户端性能优化服务	抖音客户端性能优化服务		手动	本地系统
付款和 NFC/SE 管理器	管理付款和基于近场通信(NFC)的安全元件。		手动(触发器启动)	本地服务
更新 Orchestrator 服务	管理 Windows 更新。如果停止，你的设备将无法下载和安装最新更新。	正在运行	自动(延迟启动)	本地系统
功能访问管理器服务	提供设施，用于管理 UWP 应用对应用功能的访问权限以及检查应用的特定应用功能访问权限	正在运行	自动	本地系统
家长控制	对 Windows 中的子帐户强制执行家长控制。如果此服务被停止或禁用，家长控制可能无法强制执行。		手动	本地系统
剪贴板用户服务_128812	此用户服务用于剪贴板方案	正在运行	自动(延迟启动)	本地系统
建议疑难解答服务	通过应用建议疑难解答启用针对已知问题的自动缓解。如果停止，你的设备将不会获得针对设备上问题的建议疑难解答。		手动	本地系统
聚合数据平台服务	此服务用于聚合数据平台方案。		手动	本地服务
蓝牙音频网关服务	支持蓝牙免提配置文件的音频网关角色的服务。	正在运行	手动(触发器启动)	本地服务
蓝牙用户支持服务_128812	蓝牙用户服务支持与每个用户会话相关的蓝牙功能的正确运行。	正在运行	手动(触发器启动)	本地系统
蓝牙支持服务	蓝牙服务支持发现和关联远程蓝牙设备。停止或禁用此服务可能会导致已安装的蓝牙设备无法正常运行，并使新设备无法被发现或关联。	正在运行	手动(触发器启动)	本地服务
连接设备平台服务	此服务用于连接设备平台方案	正在运行	自动(延迟启动，触发器启动)	本地服务
连接设备平台用户服务_128812	此用户服务用于连接设备平台方案	正在运行	自动	本地系统
零售演示服务	当设备处于零售演示模式时，零售演示服务将控制设备活动。		手动	本地系统
嵌入模式	嵌入式服务启用与后台应用程序相关的方案。禁用此服务会阻止激活后台应用程序。		手动(触发器启动)	本地系统
清单和兼容性评估服务	此服务执行许多系统组件使用的后台系统清单、兼容性评估和维护。	正在运行	自动(延迟启动)	本地系统
设备管理无线应用程序协议 (WAP) 推送消息路由服务	路由设备收到的无线应用程序协议 (WAP) 推送消息并同步设备管理会话		禁用	本地系统
设备管理注册服务	为设备管理执行设备注册活动		手动	本地系统
手机网络时间	此服务基于移动网络中的 NITZ 消息设置时间		手动(触发器启动)	本地服务
数据使用量	网络数据使用量，流量上限，限制背景数据，按流量计费的网络。	正在运行	自动	本地服务
同步主机_128812	此服务将同步邮件、联系人、日历和各种其他用户数据。此服务没有运行时，依赖于此功能的邮件和其他应用程序将无法正常工作。	正在运行	自动(延迟启动)	本地系统
网络位置感知	收集和存储网络的配置信息，并在此信息被修改时向程序发出通知。如果停止此服务，则配置信息可能不可用；如果禁用此服务，则显式依赖此服务的所有服务都将无法启动。		手动	网络服务
网络虚拟服务	提供网络虚拟服务。	正在运行	手动	本地系统
无线电管理服务	无线电管理和飞行模式服务	正在运行	手动	本地服务
显示策略服务	管理本地和远程显示器的连接和配置	正在运行	自动	本地服务
显示增强服务	用于管理显示增强(如亮度控制)的服务。	正在运行	手动(触发器启动)	本地系统
移动连接管理服务	此服务为移动连接模块提供配置文件管理		手动(触发器启动)	NT SERVICE\McmSvc
已声明的配置(DC)服务	处理从 MDM 和其他通道接收的已声明配置文档，并在设备上执行配置		手动(触发器启动)	本地系统
语言体验服务	为部署和配置 Windows 本地化资源提供基础结构支持。此服务将按需启动，如果禁用，其他 Windows 语言将不会部署到系统，Windows 可能无法正常工作。		手动	本地系统
云备份和还原服务_128812	监视系统以了解应用程序和设置状态更改，并在需要时执行云备份和还原操作。		手动	本地系统
正在播放会话管理器服务_128812	此服务托管用于媒体方案的正在播放会话管理器		手动	本地系统
主机网络服务	为 Windows 虚拟网络提供支持。	正在运行	手动(触发器启动)	本地系统
自动时区更新程序	自动设置系统时区。		禁用	本地服务
自然身份验证	信号聚合器服务，用于根据时间、网络、地理位置、蓝牙和 CDF 因素评估信号。支持的功能包括设备解锁、动态锁定和动态 MDM 策略		手动(触发器启动)	本地系统
